Artist,Title,Decade
"Michael Jackson","Billie Jean","1980s"
"Michael Jackson","Beat It","1980s"
"Michael Jackson","Thriller","1980s"
"Michael Jackson","Wanna Be Startin' Somethin'","1980s"
"Michael Jackson","Smooth Criminal","1980s"
"Michael Jackson","The Way You Make Me Feel","1980s"
"Michael Jackson","Bad","1980s"
"Michael Jackson","Man in the Mirror","1980s"
"Madonna","Like a Virgin","1980s"
"Madonna","Material Girl","1980s"
"Madonna","Like a Prayer","1980s"
"Madonna","Papa Don't Preach","1980s"
"Madonna","Into the Groove","1980s"
"Madonna","La Isla Bonita","1980s"
"Madonna","Borderline","1980s"
"Madonna","Holiday","1980s"
"Prince","When Doves Cry","1980s"
"Prince","Purple Rain","1980s"
"Prince","Little Red Corvette","1980s"
"Prince","1999","1980s"
"Prince","Kiss","1980s"
"Prince","Raspberry Beret","1980s"
"Prince","Let's Go Crazy","1980s"
"Whitney Houston","I Wanna Dance with Somebody (Who Loves Me)","1980s"
"Whitney Houston","How Will I Know","1980s"
"Whitney Houston","Greatest Love of All","1980s"
"Whitney Houston","Saving All My Love for You","1980s"
"Cyndi Lauper","Girls Just Want to Have Fun","1980s"
"Cyndi Lauper","Time After Time","1980s"
"Cyndi Lauper","True Colors","1980s"
"Lionel Richie","All Night Long (All Night)","1980s"
"Lionel Richie","Hello","1980s"
"Lionel Richie","Say You, Say Me","1980s"
"Wham!","Wake Me Up Before You Go-Go","1980s"
"Wham!","Last Christmas","1980s"
"Wham!","Everything She Wants","1980s"
"George Michael","Faith","1980s"
"George Michael","Careless Whisper","1980s"
"Janet Jackson","Nasty","1980s"
"Janet Jackson","Control","1980s"
"Janet Jackson","What Have You Done for Me Lately","1980s"
"Paula Abdul","Straight Up","1980s"
"Paula Abdul","Forever Your Girl","1980s"
"Tiffany","I Think We're Alone Now","1980s"
"Debbie Gibson","Only in My Dreams","1980s"
"Rick Astley","Never Gonna Give You Up","1980s"
"Rick Astley","Together Forever","1980s"
"Kylie Minogue","I Should Be So Lucky","1980s"
"Bananarama","Cruel Summer","1980s"
"Bananarama","Venus","1980s"
"Belinda Carlisle","Heaven Is a Place on Earth","1980s"
"Pat Benatar","Love Is a Battlefield","1980s"
"Pat Benatar","Hit Me with Your Best Shot","1980s"
"Laura Branigan","Gloria","1980s"
"Irene Cara","Flashdance... What a Feeling","1980s"
"Olivia Newton-John","Physical","1980s"
"a-ha","Take On Me","1980s"
"a-ha","The Sun Always Shines on T.V.","1980s"
"Duran Duran","Hungry Like the Wolf","1980s"
"Duran Duran","Rio","1980s"
"Duran Duran","The Reflex","1980s"
"Duran Duran","Girls on Film","1980s"
"Eurythmics","Sweet Dreams (Are Made of This)","1980s"
"Eurythmics","Here Comes the Rain Again","1980s"
"Eurythmics","Would I Lie to You?","1980s"
"The Police","Every Breath You Take","1980s"
"The Police","Message in a Bottle","1980s"
"The Police","Roxanne","1980s"
"The Police","Don't Stand So Close to Me","1980s"
"Depeche Mode","Just Can't Get Enough","1980s"
"Depeche Mode","People Are People","1980s"
"Depeche Mode","Personal Jesus","1980s"
"New Order","Blue Monday","1980s"
"New Order","Bizarre Love Triangle","1980s"
"New Order","True Faith","1980s"
"The Cure","Just Like Heaven","1980s"
"The Cure","Boys Don't Cry","1980s"
"The Cure","Friday I'm in Love","1980s"
"The Smiths","This Charming Man","1980s"
"The Smiths","There Is a Light That Never Goes Out","1980s"
"The Smiths","How Soon Is Now?","1980s"
"Pet Shop Boys","West End Girls","1980s"
"Pet Shop Boys","It's a Sin","1980s"
"Tears for Fears","Everybody Wants to Rule the World","1980s"
"Tears for Fears","Shout","1980s"
"Tears for Fears","Head Over Heels","1980s"
"Talking Heads","Once in a Lifetime","1980s"
"Talking Heads","Burning Down the House","1980s"
"Talking Heads","Psycho Killer","1980s"
"Culture Club","Karma Chameleon","1980s"
"Culture Club","Do You Really Want to Hurt Me","1980s"
"Simple Minds","Don't You (Forget About Me)","1980s"
"Billy Idol","Rebel Yell","1980s"
"Billy Idol","White Wedding","1980s"
"Billy Idol","Dancing with Myself","1980s"
"Soft Cell","Tainted Love","1980s"
"Human League","Don't You Want Me","1980s"
"Spandau Ballet","True","1980s"
"INXS","Need You Tonight","1980s"
"INXS","Never Tear Us Apart","1980s"
"INXS","New Sensation","1980s"
"Kate Bush","Running Up That Hill (A Deal with God)","1980s"
"Peter Gabriel","Sledgehammer","1980s"
"Peter Gabriel","In Your Eyes","1980s"
"Blondie","Call Me","1980s"
"Blondie","Rapture","1980s"
"Devo","Whip It","1980s"
"Berlin","Take My Breath Away","1980s"
"Bruce Springsteen","Born in the U.S.A.","1980s"
"Bruce Springsteen","Dancing in the Dark","1980s"
"Bruce Springsteen","Born to Run","1980s"
"Queen","Another One Bites the Dust","1980s"
"Queen","Under Pressure","1980s"
"Queen","Radio Ga Ga","1980s"
"U2","With or Without You","1980s"
"U2","Sunday Bloody Sunday","1980s"
"U2","Pride (In the Name of Love)","1980s"
"U2","I Still Haven't Found What I'm Looking For","1980s"
"Phil Collins","In the Air Tonight","1980s"
"Phil Collins","Against All Odds (Take a Look at Me Now)","1980s"
"Phil Collins","Sussudio","1980s"
"Genesis","Land of Confusion","1980s"
"Genesis","Invisible Touch","1980s"
"Dire Straits","Money for Nothing","1980s"
"Dire Straits","Sultans of Swing","1980s"
"Dire Straits","Walk of Life","1980s"
"Toto","Africa","1980s"
"Toto","Rosanna","1980s"
"Toto","Hold the Line","1980s"
"Journey","Don't Stop Believin'","1980s"
"Journey","Separate Ways (Worlds Apart)","1980s"
"Journey","Faithfully","1980s"
"Foreigner","I Want to Know What Love Is","1980s"
"Foreigner","Waiting for a Girl Like You","1980s"
"Survivor","Eye of the Tiger","1980s"
"REO Speedwagon","Can't Fight This Feeling","1980s"
"Styx","Mr. Roboto","1980s"
"Styx","Renegade","1980s"
"Fleetwood Mac","Little Lies","1980s"
"Heart","Alone","1980s"
"Heart","These Dreams","1980s"
"Starship","We Built This City","1980s"
"John Mellencamp","Jack & Diane","1980s"
"Don Henley","The Boys of Summer","1980s"
"Tom Petty and the Heartbreakers","Free Fallin'","1980s"
"Bryan Adams","Summer of '69","1980s"
"Bryan Adams","Run to You","1980s"
"Huey Lewis and the News","The Power of Love","1980s"
"Huey Lewis and the News","Hip to Be Square","1980s"
"Dexys Midnight Runners","Come On Eileen","1980s"
"Men at Work","Down Under","1980s"
"Men at Work","Who Can It Be Now?","1980s"
"The Pretenders","Brass in Pocket","1980s"
"The Bangles","Manic Monday","1980s"
"The Bangles","Walk Like an Egyptian","1980s"
"The B-52's","Love Shack","1980s"
"ZZ Top","Sharp Dressed Man","1980s"
"ZZ Top","Legs","1980s"
"Guns N' Roses","Sweet Child O' Mine","1980s"
"Guns N' Roses","Welcome to the Jungle","1980s"
"Guns N' Roses","Paradise City","1980s"
"Bon Jovi","Livin' on a Prayer","1980s"
"Bon Jovi","You Give Love a Bad Name","1980s"
"Bon Jovi","Wanted Dead or Alive","1980s"
"Def Leppard","Pour Some Sugar on Me","1980s"
"Def Leppard","Love Bites","1980s"
"Def Leppard","Photograph","1980s"
"Van Halen","Jump","1980s"
"Van Halen","Panama","1980s"
"Van Halen","Why Can't This Be Love","1980s"
"Mötley Crüe","Girls, Girls, Girls","1980s"
"Mötley Crüe","Dr. Feelgood","1980s"
"Poison","Every Rose Has Its Thorn","1980s"
"Poison","Nothin' but a Good Time","1980s"
"Twisted Sister","We're Not Gonna Take It","1980s"
"Scorpions","Rock You Like a Hurricane","1980s"
"Scorpions","Wind of Change","1980s"
"Metallica","Master of Puppets","1980s"
"Metallica","One","1980s"
"Metallica","Fade to Black","1980s"
"Iron Maiden","The Number of the Beast","1980s"
"Iron Maiden","Run to the Hills","1980s"
"Judas Priest","Breaking the Law","1980s"
"Ozzy Osbourne","Crazy Train","1980s"
"AC/DC","Back in Black","1980s"
"AC/DC","You Shook Me All Night Long","1980s"
"AC/DC","Thunderstruck","1980s"
"Whitesnake","Here I Go Again","1980s"
"Europe","The Final Countdown","1980s"
"Quiet Riot","Cum On Feel the Noize","1980s"
"Ratt","Round and Round","1980s"
"Dio","Holy Diver","1980s"
"Skid Row","18 and Life","1980s"
"Cinderella","Nobody's Fool","1980s"
"Run-D.M.C.","Walk This Way","1980s"
"Run-D.M.C.","It's Tricky","1980s"
"Grandmaster Flash and the Furious Five","The Message","1980s"
"Beastie Boys","(You Gotta) Fight for Your Right (To Party!)","1980s"
"Beastie Boys","No Sleep till Brooklyn","1980s"
"LL Cool J","I Need Love","1980s"
"LL Cool J","Rock the Bells","1980s"
"Public Enemy","Fight the Power","1980s"
"N.W.A","Straight Outta Compton","1980s"
"Eric B. & Rakim","Paid in Full","1980s"
"Afrika Bambaataa","Planet Rock","1980s"
"Salt-N-Pepa","Push It","1980s"
"Rob Base and DJ E-Z Rock","It Takes Two","1980s"
"Tone Loc","Wild Thing","1980s"
"Rick James","Super Freak","1980s"
"The Gap Band","You Dropped a Bomb on Me","1980s"
"Kool & the Gang","Celebration","1980s"
"Kool & the Gang","Cherish","1980s"
"Earth, Wind & Fire","Let's Groove","1980s"
"Chaka Khan","I Feel for You","1980s"
"Luther Vandross","Never Too Much","1980s"
"Teena Marie","Lovergirl","1980s"
"Cameo","Word Up!","1980s"
"Ready for the World","Oh Sheila","1980s"
"DeBarge","Rhythm of the Night","1980s"
"Patti LaBelle","On My Own","1980s"
"Tina Turner","What's Love Got to Do with It","1980s"
"Billy Ocean","Caribbean Queen (No More Love on the Run)","1980s"
"Billy Ocean","Get Outta My Dreams, Get into My Car","1980s"
"Lionel Richie","Dancing on the Ceiling","1980s"
"Sade","Smooth Operator","1980s"
"Sade","The Sweetest Taboo","1980s"
"Steve Winwood","Higher Love","1980s"
"Robert Palmer","Addicted to Love","1980s"
"Hall & Oates","Maneater","1980s"
"Daryl Hall & John Oates","You Make My Dreams","1980s"
"Daryl Hall & John Oates","Out of Touch","1980s"
"Daryl Hall & John Oates","Private Eyes","1980s"
"Men Without Hats","The Safety Dance","1980s"
"Nena","99 Luftballons","1980s"
"Dead or Alive","You Spin Me Round (Like a Record)","1980s"
"Falco","Rock Me Amadeus","1980s"
"Bobby McFerrin","Don't Worry Be Happy","1980s"
"Rockwell","Somebody's Watching Me","1980s"
"Katrina & The Waves","Walking on Sunshine","1980s"
"Modern English","I Melt with You","1980s"
"Toni Basil","Mickey","1980s"
"Taco","Puttin' On the Ritz","1980s"
"Nik Kershaw","Wouldn't It Be Good","1980s"
"Thomas Dolby","She Blinded Me with Science","1980s"
"The Buggles","Video Killed the Radio Star","1980s"
"Kajagoogoo","Too Shy","1980s"
"A Flock of Seagulls","I Ran (So Far Away)","1980s"
"Animotion","Obsession","1980s"
"Real Life","Send Me an Angel","1980s"
"Wang Chung","Everybody Have Fun Tonight","1980s"
"Timbuk3","The Future's So Bright, I Gotta Wear Shades","1980s"
"Patrick Swayze","She's Like the Wind","1980s"
"Starship","Nothing's Gonna Stop Us Now","1980s"
"Glenn Medeiros","Nothing's Gonna Change My Love for You","1980s"
"Chris de Burgh","The Lady in Red","1980s"
"Jermaine Stewart","We Don't Have to Take Our Clothes Off","1980s"
"a-ha","Hunting High and Low","1980s"
"a-ha","Stay on These Roads","1980s"
"a-ha","Cry Wolf","1980s"
"a-ha","Manhattan Skyline","1980s"
"a-ha","The Living Daylights","1980s"
"Bobbysocks","La Det Swinge","1980s"
"TNT","Intuition","1980s"
"Stage Dolls","Love Cries","1980s"
"DumDum Boys","Splitter pine","1980s"
"deLillos","Neste sommer","1980s"
"Raga Rockers","Noen å hate","1980s"
"Dance With a Stranger","Invitation","1980s"
"Åge Aleksandersen","Lys og varme","1980s"
"Jahn Teigen","Optimist","1980s"
"Mariah Carey","Vision of Love","1990s"
"Mariah Carey","Fantasy","1990s"
"Mariah Carey","Hero","1990s"
"Mariah Carey","Always Be My Baby","1990s"
"Mariah Carey","Dreamlover","1990s"
"Mariah Carey","Honey","1990s"
"Mariah Carey","Emotions","1990s"
"Whitney Houston","I Will Always Love You","1990s"
"Whitney Houston","I'm Every Woman","1990s"
"Whitney Houston","Exhale (Shoop Shoop)","1990s"
"Celine Dion","My Heart Will Go On","1990s"
"Celine Dion","Because You Loved Me","1990s"
"Celine Dion","The Power of Love","1990s"
"Celine Dion","It's All Coming Back to Me Now","1990s"
"Britney Spears","...Baby One More Time","1990s"
"Britney Spears","Sometimes","1990s"
"Christina Aguilera","Genie in a Bottle","1990s"
"Christina Aguilera","What a Girl Wants","1990s"
"Backstreet Boys","I Want It That Way","1990s"
"Backstreet Boys","Everybody (Backstreet's Back)","1990s"
"Backstreet Boys","Quit Playing Games (with My Heart)","1990s"
"NSYNC","Tearin' Up My Heart","1990s"
"NSYNC","I Want You Back","1990s"
"Spice Girls","Wannabe","1990s"
"Spice Girls","Say You'll Be There","1990s"
"Spice Girls","2 Become 1","1990s"
"Ace of Base","The Sign","1990s"
"Ace of Base","All That She Wants","1990s"
"Robbie Williams","Angels","1990s"
"Robbie Williams","Millennium","1990s"
"Ricky Martin","Livin' la Vida Loca","1990s"
"Ricky Martin","She Bangs","1990s"
"Jennifer Lopez","If You Had My Love","1990s"
"Jennifer Lopez","Waiting for Tonight","1990s"
"Cher","Believe","1990s"
"Madonna","Vogue","1990s"
"Madonna","Ray of Light","1990s"
"Madonna","Frozen","1990s"
"Madonna","Take a Bow","1990s"
"Janet Jackson","That's the Way Love Goes","1990s"
"Janet Jackson","Together Again","1990s"
"Shania Twain","Man! I Feel Like a Woman!","1990s"
"Shania Twain","You're Still the One","1990s"
"Shania Twain","That Don't Impress Me Much","1990s"
"Natalie Imbruglia","Torn","1990s"
"Jewel","Who Will Save Your Soul","1990s"
"Jewel","Foolish Games","1990s"
"Sarah McLachlan","Angel","1990s"
"Sarah McLachlan","Building a Mystery","1990s"
"Alanis Morissette","You Oughta Know","1990s"
"Alanis Morissette","Ironic","1990s"
"Alanis Morissette","Hand in My Pocket","1990s"
"Savage Garden","Truly Madly Deeply","1990s"
"Savage Garden","I Want You","1990s"
"Hanson","MMMBop","1990s"
"Paula Cole","Where Have All the Cowboys Gone?","1990s"
"Meredith Brooks","Bitch","1990s"
"Shawn Mullins","Lullaby","1990s"
"Nirvana","Smells Like Teen Spirit","1990s"
"Nirvana","Come as You Are","1990s"
"Nirvana","Heart-Shaped Box","1990s"
"Nirvana","Lithium","1990s"
"Nirvana","In Bloom","1990s"
"Pearl Jam","Alive","1990s"
"Pearl Jam","Jeremy","1990s"
"Pearl Jam","Even Flow","1990s"
"Pearl Jam","Black","1990s"
"Soundgarden","Black Hole Sun","1990s"
"Soundgarden","Spoonman","1990s"
"Alice in Chains","Man in the Box","1990s"
"Alice in Chains","Would?","1990s"
"Stone Temple Pilots","Plush","1990s"
"Stone Temple Pilots","Interstate Love Song","1990s"
"Red Hot Chili Peppers","Under the Bridge","1990s"
"Red Hot Chili Peppers","Give It Away","1990s"
"Red Hot Chili Peppers","Scar Tissue","1990s"
"Red Hot Chili Peppers","Californication","1990s"
"R.E.M.","Losing My Religion","1990s"
"R.E.M.","Everybody Hurts","1990s"
"R.E.M.","Man on the Moon","1990s"
"R.E.M.","Shiny Happy People","1990s"
"Radiohead","Creep","1990s"
"Radiohead","Karma Police","1990s"
"Radiohead","No Surprises","1990s"
"Oasis","Wonderwall","1990s"
"Oasis","Don't Look Back in Anger","1990s"
"Oasis","Champagne Supernova","1990s"
"Oasis","Live Forever","1990s"
"Blur","Song 2","1990s"
"Blur","Girls & Boys","1990s"
"Blur","Coffee & TV","1990s"
"Green Day","Basket Case","1990s"
"Green Day","When I Come Around","1990s"
"Green Day","Good Riddance (Time of Your Life)","1990s"
"Green Day","Longview","1990s"
"The Offspring","Self Esteem","1990s"
"The Offspring","Come Out and Play","1990s"
"The Offspring","Pretty Fly (for a White Guy)","1990s"
"Weezer","Buddy Holly","1990s"
"Weezer","Say It Ain't So","1990s"
"Weezer","Undone - The Sweater Song","1990s"
"The Smashing Pumpkins","1979","1990s"
"The Smashing Pumpkins","Tonight, Tonight","1990s"
"The Smashing Pumpkins","Bullet with Butterfly Wings","1990s"
"The Smashing Pumpkins","Today","1990s"
"Foo Fighters","Everlong","1990s"
"Foo Fighters","Big Me","1990s"
"Foo Fighters","Monkey Wrench","1990s"
"Beck","Loser","1990s"
"Beck","Where It's At","1990s"
"No Doubt","Don't Speak","1990s"
"No Doubt","Just a Girl","1990s"
"No Doubt","Spiderwebs","1990s"
"Garbage","Only Happy When It Rains","1990s"
"Garbage","Stupid Girl","1990s"
"Live","Lightning Crashes","1990s"
"Bush","Glycerine","1990s"
"Bush","Machinehead","1990s"
"Bush","Comedown","1990s"
"Collective Soul","Shine","1990s"
"Gin Blossoms","Hey Jealousy","1990s"
"Counting Crows","Mr. Jones","1990s"
"Counting Crows","Round Here","1990s"
"Sheryl Crow","All I Wanna Do","1990s"
"Sheryl Crow","If It Makes You Happy","1990s"
"Fiona Apple","Criminal","1990s"
"Lenny Kravitz","Are You Gonna Go My Way","1990s"
"Lenny Kravitz","Fly Away","1990s"
"The Cranberries","Zombie","1990s"
"The Cranberries","Linger","1990s"
"The Cranberries","Dreams","1990s"
"The Verve","Bitter Sweet Symphony","1990s"
"Third Eye Blind","Semi-Charmed Life","1990s"
"Third Eye Blind","Jumper","1990s"
"Matchbox Twenty","Push","1990s"
"Matchbox Twenty","3AM","1990s"
"Goo Goo Dolls","Iris","1990s"
"Goo Goo Dolls","Name","1990s"
"Goo Goo Dolls","Slide","1990s"
"The Wallflowers","One Headlight","1990s"
"Sixpence None the Richer","Kiss Me","1990s"
"Blues Traveler","Run-Around","1990s"
"Spin Doctors","Two Princes","1990s"
"Barenaked Ladies","One Week","1990s"
"Soul Asylum","Runaway Train","1990s"
"Cake","The Distance","1990s"
"Harvey Danger","Flagpole Sitta","1990s"
"Fastball","The Way","1990s"
"Semisonic","Closing Time","1990s"
"Eve 6","Inside Out","1990s"
"Metallica","Enter Sandman","1990s"
"Metallica","Nothing Else Matters","1990s"
"Metallica","The Unforgiven","1990s"
"Rage Against the Machine","Killing in the Name","1990s"
"Rage Against the Machine","Bulls on Parade","1990s"
"Tool","Sober","1990s"
"Nine Inch Nails","Closer","1990s"
"Nine Inch Nails","Hurt","1990s"
"Marilyn Manson","The Beautiful People","1990s"
"Pantera","Walk","1990s"
"Korn","Freak on a Leash","1990s"
"Rob Zombie","Dragula","1990s"
"Sepultura","Roots Bloody Roots","1990s"
"Faith No More","Epic","1990s"
"Dr. Dre","Nuthin' but a 'G' Thang","1990s"
"Snoop Dogg","Gin and Juice","1990s"
"Snoop Dogg","Who Am I (What's My Name)?","1990s"
"2Pac","California Love","1990s"
"2Pac","Dear Mama","1990s"
"2Pac","Changes","1990s"
"The Notorious B.I.G.","Juicy","1990s"
"The Notorious B.I.G.","Big Poppa","1990s"
"The Notorious B.I.G.","Hypnotize","1990s"
"The Notorious B.I.G.","Mo Money Mo Problems","1990s"
"Wu-Tang Clan","C.R.E.A.M.","1990s"
"Nas","If I Ruled the World (Imagine That)","1990s"
"Nas","N.Y. State of Mind","1990s"
"JAY-Z","Hard Knock Life (Ghetto Anthem)","1990s"
"DMX","Ruff Ryders' Anthem","1990s"
"Ms. Lauryn Hill","Doo Wop (That Thing)","1990s"
"Fugees","Killing Me Softly With His Song","1990s"
"Fugees","Ready or Not","1990s"
"Coolio","Gangsta's Paradise","1990s"
"Warren G","Regulate","1990s"
"House of Pain","Jump Around","1990s"
"Naughty by Nature","Hip Hop Hooray","1990s"
"Salt-N-Pepa","Shoop","1990s"
"Salt-N-Pepa","Whatta Man","1990s"
"Missy Elliott","The Rain (Supa Dupa Fly)","1990s"
"Will Smith","Gettin' Jiggy wit It","1990s"
"Will Smith","Men in Black","1990s"
"Puff Daddy","I'll Be Missing You","1990s"
"Montell Jordan","This Is How We Do It","1990s"
"Blackstreet","No Diggity","1990s"
"Sir Mix-a-Lot","Baby Got Back","1990s"
"A Tribe Called Quest","Can I Kick It?","1990s"
"Cypress Hill","Insane in the Brain","1990s"
"Bone Thugs-n-Harmony","Tha Crossroads","1990s"
"Boyz II Men","End of the Road","1990s"
"Boyz II Men","I'll Make Love to You","1990s"
"Boyz II Men","Motownphilly","1990s"
"R. Kelly","I Believe I Can Fly","1990s"
"R. Kelly","Bump N' Grind","1990s"
"Usher","Nice & Slow","1990s"
"Usher","You Make Me Wanna...","1990s"
"Brandy","The Boy Is Mine","1990s"
"Monica","Angel of Mine","1990s"
"TLC","Waterfalls","1990s"
"TLC","No Scrubs","1990s"
"TLC","Creep","1990s"
"Destiny's Child","Say My Name","1990s"
"Destiny's Child","Bills, Bills, Bills","1990s"
"En Vogue","My Lovin' (You're Never Gonna Get It)","1990s"
"SWV","Weak","1990s"
"Seal","Kiss from a Rose","1990s"
"Mariah Carey","One Sweet Day","1990s"
"Mary J. Blige","Real Love","1990s"
"Mark Morrison","Return of the Mack","1990s"
"Jon B.","They Don't Know","1990s"
"D'Angelo","Lady","1990s"
"Maxwell","Ascension (Don't Ever Wonder)","1990s"
"The Prodigy","Firestarter","1990s"
"The Prodigy","Breathe","1990s"
"The Chemical Brothers","Block Rockin' Beats","1990s"
"Fatboy Slim","The Rockafeller Skank","1990s"
"Fatboy Slim","Praise You","1990s"
"Daft Punk","Around the World","1990s"
"Daft Punk","Da Funk","1990s"
"Moby","Porcelain","1990s"
"Moby","Natural Blues","1990s"
"Haddaway","What Is Love","1990s"
"Snap!","Rhythm Is a Dancer","1990s"
"Technotronic","Pump Up the Jam","1990s"
"C+C Music Factory","Gonna Make You Sweat (Everybody Dance Now)","1990s"
"Robin S","Show Me Love","1990s"
"Real McCoy","Another Night","1990s"
"Corona","The Rhythm of the Night","1990s"
"Darude","Sandstorm","1990s"
"ATB","9 PM (Till I Come)","1990s"
"Faithless","Insomnia","1990s"
"Massive Attack","Teardrop","1990s"
"Portishead","Glory Box","1990s"
"Sneaker Pimps","6 Underground","1990s"
"Garth Brooks","Friends in Low Places","1990s"
"Faith Hill","This Kiss","1990s"
"Dixie Chicks","Wide Open Spaces","1990s"
"LeAnn Rimes","How Do I Live","1990s"
"Tim McGraw","It's Your Love","1990s"
"Billy Ray Cyrus","Achy Breaky Heart","1990s"
"Los Del Rio","Macarena - Bayside Boys Mix","1990s"
"Chumbawamba","Tubthumping","1990s"
"Deep Blue Something","Breakfast at Tiffany's","1990s"
"Marcy Playground","Sex and Candy","1990s"
"New Radicals","You Get What You Give","1990s"
"Lou Bega","Mambo No. 5 (A Little Bit of...)","1990s"
"Eiffel 65","Blue (Da Ba Dee)","1990s"
"OMC","How Bizarre","1990s"
"Tal Bachman","She's So High","1990s"
"Len","Steal My Sunshine","1990s"
"Right Said Fred","I'm Too Sexy","1990s"
"Crash Test Dummies","Mmm Mmm Mmm Mmm","1990s"
"Blind Melon","No Rain","1990s"
"Nada Surf","Popular","1990s"
"Lit","My Own Worst Enemy","1990s"
"Smash Mouth","All Star","1990s"
"Smash Mouth","Walkin' on the Sun","1990s"
"Sugar Ray","Fly","1990s"
"Sugar Ray","Every Morning","1990s"
"White Town","Your Woman","1990s"
"4 Non Blondes","What's Up?","1990s"
"The Cardigans","Lovefool","1990s"
"Chef","Chocolate Salty Balls","1990s"
"a-ha","Crying in the Rain","1990s"
"Secret Garden","Nocturne","1990s"
"Lene Marlin","Sitting Down Here","1990s"
"Lene Marlin","Unforgivable Sinner","1990s"
"Lene Marlin","Playing My Game","1990s"
"Madrugada","Majesty","1990s"
"D'Sound","Tossing and Turning","1990s"
"DDE","Det går likar no","1990s"
"Postgirobygget","Mombasa","1990s"
"CC Cowboys","Harry","1990s"
"Seigmen","Hjernen er alene","1990s"
"Jokke & Valentinerne","Alt kan repareres","1990s"
"Morten Abel","Hula Hoop","1990s"
"Return","Pump It Up","1990s"
"DumDum Boys","Enden av regnbuen","1990s"
"September When","Satellite","1990s"
"Vamp","Tir Na Noir","1990s"
"Bel Canto","Unicorn","1990s"
"Mayhem","Freezing Moon","1990s"
"Darkthrone","Transilvanian Hunger","1990s"
"Emperor","I Am the Black Wizards","1990s"
"Satyricon","Mother North","1990s"
"Beyoncé","Crazy in Love","2000s"
"Beyoncé","Single Ladies (Put a Ring on It)","2000s"
"Beyoncé","Irreplaceable","2000s"
"Beyoncé","Halo","2000s"
"Beyoncé","Baby Boy","2000s"
"Rihanna","Umbrella","2000s"
"Rihanna","Don't Stop the Music","2000s"
"Rihanna","SOS","2000s"
"Rihanna","Disturbia","2000s"
"Rihanna","Take a Bow","2000s"
"Rihanna","Pon de Replay","2000s"
"Lady Gaga","Just Dance","2000s"
"Lady Gaga","Poker Face","2000s"
"Lady Gaga","Bad Romance","2000s"
"Lady Gaga","Paparazzi","2000s"
"Lady Gaga","LoveGame","2000s"
"Katy Perry","I Kissed a Girl","2000s"
"Katy Perry","Hot n Cold","2000s"
"Katy Perry","Waking Up in Vegas","2000s"
"Britney Spears","Toxic","2000s"
"Britney Spears","Oops!... I Did It Again","2000s"
"Britney Spears","Womanizer","2000s"
"Britney Spears","Stronger","2000s"
"Britney Spears","Gimme More","2000s"
"Britney Spears","I'm a Slave 4 U","2000s"
"Christina Aguilera","Beautiful","2000s"
"Christina Aguilera","Dirrty","2000s"
"Christina Aguilera","Fighter","2000s"
"Christina Aguilera","Ain't No Other Man","2000s"
"P!nk","Get the Party Started","2000s"
"P!nk","So What","2000s"
"P!nk","Just Like a Pill","2000s"
"P!nk","Who Knew","2000s"
"Justin Timberlake","Cry Me a River","2000s"
"Justin Timberlake","Rock Your Body","2000s"
"Justin Timberlake","SexyBack","2000s"
"Justin Timberlake","My Love","2000s"
"Justin Timberlake","What Goes Around... Comes Around","2000s"
"Kelly Clarkson","Since U Been Gone","2000s"
"Kelly Clarkson","Because of You","2000s"
"Kelly Clarkson","Behind These Hazel Eyes","2000s"
"Kelly Clarkson","My Life Would Suck Without You","2000s"
"Avril Lavigne","Complicated","2000s"
"Avril Lavigne","Sk8er Boi","2000s"
"Avril Lavigne","Girlfriend","2000s"
"Avril Lavigne","My Happy Ending","2000s"
"Gwen Stefani","Hollaback Girl","2000s"
"Gwen Stefani","The Sweet Escape","2000s"
"Gwen Stefani","Cool","2000s"
"Nelly Furtado","Promiscuous","2000s"
"Nelly Furtado","Say It Right","2000s"
"Nelly Furtado","I'm Like a Bird","2000s"
"Shakira","Whenever, Wherever","2000s"
"Shakira","Hips Don't Lie","2000s"
"Shakira","Underneath Your Clothes","2000s"
"Jennifer Lopez","Jenny from the Block","2000s"
"Jennifer Lopez","Love Don't Cost a Thing","2000s"
"Alicia Keys","Fallin'","2000s"
"Alicia Keys","No One","2000s"
"Alicia Keys","If I Ain't Got You","2000s"
"Mariah Carey","We Belong Together","2000s"
"Mariah Carey","Touch My Body","2000s"
"Ciara","Goodies","2000s"
"Ciara","1, 2 Step","2000s"
"Ashanti","Foolish","2000s"
"Leona Lewis","Bleeding Love","2000s"
"Natasha Bedingfield","Unwritten","2000s"
"Natasha Bedingfield","Pocketful of Sunshine","2000s"
"Colbie Caillat","Bubbly","2000s"
"Jordin Sparks","No Air","2000s"
"Taylor Swift","Love Story","2000s"
"Taylor Swift","You Belong with Me","2000s"
"Taylor Swift","Our Song","2000s"
"Taylor Swift","Teardrops on My Guitar","2000s"
"Carrie Underwood","Before He Cheats","2000s"
"Carrie Underwood","Jesus, Take the Wheel","2000s"
"Miley Cyrus","Party in the U.S.A.","2000s"
"Miley Cyrus","7 Things","2000s"
"Jonas Brothers","Burnin' Up","2000s"
"Jesse McCartney","Beautiful Soul","2000s"
"Usher","Yeah!","2000s"
"Usher","Burn","2000s"
"Usher","Confessions Part II","2000s"
"Usher","U Got It Bad","2000s"
"Chris Brown","Run It!","2000s"
"Chris Brown","Kiss Kiss","2000s"
"Chris Brown","With You","2000s"
"Chris Brown","Forever","2000s"
"Ne-Yo","So Sick","2000s"
"Ne-Yo","Because of You","2000s"
"Ne-Yo","Closer","2000s"
"Akon","Smack That","2000s"
"Akon","Don't Matter","2000s"
"Akon","Lonely","2000s"
"T-Pain","Buy U a Drank (Shawty Snappin')","2000s"
"T-Pain","Bartender","2000s"
"Sean Paul","Get Busy","2000s"
"Sean Paul","Temperature","2000s"
"Shaggy","It Wasn't Me","2000s"
"Shaggy","Angel","2000s"
"Kelis","Milkshake","2000s"
"Mario","Let Me Love You","2000s"
"Omarion","Ice Box","2000s"
"Mya","Case of the Ex","2000s"
"India.Arie","Video","2000s"
"John Legend","Ordinary People","2000s"
"Alicia Keys","Diary","2000s"
"Destiny's Child","Independent Women, Part I","2000s"
"Destiny's Child","Survivor","2000s"
"Destiny's Child","Bootylicious","2000s"
"Eminem","Lose Yourself","2000s"
"Eminem","Without Me","2000s"
"Eminem","The Real Slim Shady","2000s"
"Eminem","Stan","2000s"
"Eminem","Cleanin' Out My Closet","2000s"
"Eminem","Mockingbird","2000s"
"Eminem","When I'm Gone","2000s"
"50 Cent","In Da Club","2000s"
"50 Cent","21 Questions","2000s"
"50 Cent","Candy Shop","2000s"
"50 Cent","P.I.M.P.","2000s"
"OutKast","Hey Ya!","2000s"
"OutKast","Ms. Jackson","2000s"
"OutKast","The Way You Move","2000s"
"OutKast","Roses","2000s"
"Kanye West","Gold Digger","2000s"
"Kanye West","Stronger","2000s"
"Kanye West","Jesus Walks","2000s"
"Kanye West","Heartless","2000s"
"Kanye West","Through the Wire","2000s"
"Kanye West","All Falls Down","2000s"
"JAY-Z","99 Problems","2000s"
"JAY-Z","Big Pimpin'","2000s"
"JAY-Z","Empire State of Mind","2000s"
"JAY-Z","Izzo (H.O.V.A.)","2000s"
"Ludacris","Stand Up","2000s"
"Ludacris","Money Maker","2000s"
"T.I.","Whatever You Like","2000s"
"T.I.","Live Your Life","2000s"
"Lil Wayne","Lollipop","2000s"
"Lil Wayne","A Milli","2000s"
"Snoop Dogg","Drop It Like It's Hot","2000s"
"Missy Elliott","Work It","2000s"
"Missy Elliott","Get Ur Freak On","2000s"
"Missy Elliott","Lose Control","2000s"
"Nelly","Hot in Herre","2000s"
"Nelly","Dilemma","2000s"
"Nelly","Ride wit Me","2000s"
"Nelly","Grillz","2000s"
"Chingy","Right Thurr","2000s"
"Terror Squad","Lean Back","2000s"
"Soulja Boy","Crank That (Soulja Boy)","2000s"
"D4L","Laffy Taffy","2000s"
"Ying Yang Twins","Salt Shaker","2000s"
"The Black Eyed Peas","Where Is the Love?","2000s"
"The Black Eyed Peas","Let's Get It Started","2000s"
"The Black Eyed Peas","My Humps","2000s"
"The Black Eyed Peas","Boom Boom Pow","2000s"
"The Black Eyed Peas","I Gotta Feeling","2000s"
"The Black Eyed Peas","Pump It","2000s"
"Gnarls Barkley","Crazy","2000s"
"Flo Rida","Low","2000s"
"Flo Rida","Right Round","2000s"
"Jason Derulo","Whatcha Say","2000s"
"Sean Kingston","Beautiful Girls","2000s"
"MIMS","This Is Why I'm Hot","2000s"
"Coldplay","Yellow","2000s"
"Coldplay","Clocks","2000s"
"Coldplay","The Scientist","2000s"
"Coldplay","Speed of Sound","2000s"
"Coldplay","Viva La Vida","2000s"
"Coldplay","Fix You","2000s"
"Coldplay","Trouble","2000s"
"The Killers","Mr. Brightside","2000s"
"The Killers","Somebody Told Me","2000s"
"The Killers","When You Were Young","2000s"
"The Killers","Human","2000s"
"The Killers","All These Things That I've Done","2000s"
"Linkin Park","In the End","2000s"
"Linkin Park","Numb","2000s"
"Linkin Park","Crawling","2000s"
"Linkin Park","Breaking the Habit","2000s"
"Linkin Park","What I've Done","2000s"
"Linkin Park","Faint","2000s"
"Nickelback","How You Remind Me","2000s"
"Nickelback","Photograph","2000s"
"Nickelback","Rockstar","2000s"
"Nickelback","Someday","2000s"
"Nickelback","Far Away","2000s"
"Evanescence","Bring Me to Life","2000s"
"Evanescence","My Immortal","2000s"
"Creed","With Arms Wide Open","2000s"
"Creed","Higher","2000s"
"Creed","My Sacrifice","2000s"
"3 Doors Down","Kryptonite","2000s"
"3 Doors Down","Here Without You","2000s"
"Staind","It's Been Awhile","2000s"
"Puddle of Mudd","Blurry","2000s"
"Hoobastank","The Reason","2000s"
"Lifehouse","Hanging by a Moment","2000s"
"Lifehouse","You and Me","2000s"
"Train","Drops of Jupiter","2000s"
"Maroon 5","This Love","2000s"
"Maroon 5","She Will Be Loved","2000s"
"Maroon 5","Makes Me Wonder","2000s"
"The White Stripes","Seven Nation Army","2000s"
"The White Stripes","Fell in Love with a Girl","2000s"
"The Strokes","Last Nite","2000s"
"The Strokes","Reptilia","2000s"
"Franz Ferdinand","Take Me Out","2000s"
"Kings of Leon","Sex on Fire","2000s"
"Kings of Leon","Use Somebody","2000s"
"Arctic Monkeys","I Bet You Look Good on the Dancefloor","2000s"
"The Fray","How to Save a Life","2000s"
"The Fray","Over My Head (Cable Car)","2000s"
"OneRepublic","Apologize","2000s"
"OneRepublic","Stop and Stare","2000s"
"Snow Patrol","Chasing Cars","2000s"
"Snow Patrol","Run","2000s"
"Modest Mouse","Float On","2000s"
"MGMT","Kids","2000s"
"MGMT","Electric Feel","2000s"
"MGMT","Time to Pretend","2000s"
"Vampire Weekend","A-Punk","2000s"
"Death Cab for Cutie","I Will Possess Your Heart","2000s"
"Gorillaz","Clint Eastwood","2000s"
"Gorillaz","Feel Good Inc.","2000s"
"Gorillaz","DARE","2000s"
"Fall Out Boy","Sugar, We're Goin Down","2000s"
"Fall Out Boy","Dance, Dance","2000s"
"Fall Out Boy","Thnks fr th Mmrs","2000s"
"Fall Out Boy","This Ain't a Scene, It's an Arms Race","2000s"
"My Chemical Romance","Welcome to the Black Parade","2000s"
"My Chemical Romance","I'm Not Okay (I Promise)","2000s"
"My Chemical Romance","Helena","2000s"
"Panic! at the Disco","I Write Sins Not Tragedies","2000s"
"Panic! at the Disco","Nine in the Afternoon","2000s"
"Green Day","American Idiot","2000s"
"Green Day","Boulevard of Broken Dreams","2000s"
"Green Day","Wake Me Up When September Ends","2000s"
"Green Day","Holiday","2000s"
"blink-182","All the Small Things","2000s"
"blink-182","First Date","2000s"
"blink-182","I Miss You","2000s"
"Sum 41","In Too Deep","2000s"
"Sum 41","Fat Lip","2000s"
"Good Charlotte","Lifestyles of the Rich & Famous","2000s"
"Good Charlotte","The Anthem","2000s"
"Simple Plan","I'm Just a Kid","2000s"
"Simple Plan","Welcome to My Life","2000s"
"Yellowcard","Ocean Avenue","2000s"
"Jimmy Eat World","The Middle","2000s"
"Jimmy Eat World","Sweetness","2000s"
"Dashboard Confessional","Hands Down","2000s"
"Paramore","Misery Business","2000s"
"Paramore","crushcrushcrush","2000s"
"The All-American Rejects","Dirty Little Secret","2000s"
"The All-American Rejects","Move Along","2000s"
"The All-American Rejects","Gives You Hell","2000s"
"Weezer","Island in the Sun","2000s"
"Weezer","Beverly Hills","2000s"
"Foo Fighters","Best of You","2000s"
"Foo Fighters","The Pretender","2000s"
"Foo Fighters","Times Like These","2000s"
"Red Hot Chili Peppers","By the Way","2000s"
"Red Hot Chili Peppers","Can't Stop","2000s"
"Red Hot Chili Peppers","Dani California","2000s"
"Red Hot Chili Peppers","Snow (Hey Oh)","2000s"
"System of a Down","Chop Suey!","2000s"
"System of a Down","Toxicity","2000s"
"System of a Down","B.Y.O.B.","2000s"
"Disturbed","Down with the Sickness","2000s"
"Slipknot","Duality","2000s"
"Audioslave","Like a Stone","2000s"
"Amy Winehouse","Rehab","2000s"
"Amy Winehouse","Back to Black","2000s"
"Amy Winehouse","You Know I'm No Good","2000s"
"Amy Winehouse","Valerie","2000s"
"Jack Johnson","Better Together","2000s"
"Jason Mraz","I'm Yours","2000s"
"Jason Mraz","The Remedy (I Won't Worry)","2000s"
"John Mayer","Your Body Is a Wonderland","2000s"
"John Mayer","Daughters","2000s"
"John Mayer","Waiting on the World to Change","2000s"
"John Mayer","Gravity","2000s"
"Duffy","Mercy","2000s"
"Adele","Chasing Pavements","2000s"
"Adele","Hometown Glory","2000s"
"Feist","1234","2000s"
"Regina Spektor","Fidelity","2000s"
"Daft Punk","One More Time","2000s"
"Daft Punk","Harder, Better, Faster, Stronger","2000s"
"Daft Punk","Technologic","2000s"
"Basement Jaxx","Where's Your Head At","2000s"
"Justice","D.A.N.C.E.","2000s"
"Benny Benassi","Satisfaction","2000s"
"Eric Prydz","Call on Me","2000s"
"Cascada","Everytime We Touch","2000s"
"Moby","We Are All Made of Stars","2000s"
"Daniel Powter","Bad Day","2000s"
"James Blunt","You're Beautiful","2000s"
"Plain White T's","Hey There Delilah","2000s"
"Vanessa Carlton","A Thousand Miles","2000s"
"Michelle Branch","Everywhere","2000s"
"Michelle Branch","All You Wanted","2000s"
"Dido","White Flag","2000s"
"Dido","Thank You","2000s"
"Five for Fighting","Superman (It's Not Easy)","2000s"
"Five for Fighting","100 Years","2000s"
"Howie Day","Collide","2000s"
"The Calling","Wherever You Will Go","2000s"
"Daniel Bedingfield","Gotta Get Thru This","2000s"
"Las Ketchup","The Ketchup Song (Asereje)","2000s"
"O-Zone","Dragostea Din Tei","2000s"
"Crazy Frog","Axel F","2000s"
"Baha Men","Who Let the Dogs Out","2000s"
"Fountains of Wayne","Stacy's Mom","2000s"
"Soulja Boy","Kiss Me thru the Phone","2000s"
"Röyksopp","Eple","2000s"
"Röyksopp","Poor Leno","2000s"
"Röyksopp","Remind Me","2000s"
"Röyksopp","What Else Is There?","2000s"
"Kings of Convenience","Toxic Girl","2000s"
"Kings of Convenience","I'd Rather Dance with You","2000s"
"Kings of Convenience","Misread","2000s"
"M2M","Don't Say You Love Me","2000s"
"M2M","Mirror Mirror","2000s"
"M2M","The Day You Went Away","2000s"
"Kurt Nilsen","She's So High","2000s"
"Annie","Heartbeat","2000s"
"Annie","Chewing Gum","2000s"
"Madcon","Beggin'","2000s"
"Marit Larsen","If a Song Could Get Me You","2000s"
"Marion Raven","Here I Am","2000s"
"Alexander Rybak","Fairytale","2000s"
"Datarock","Fa-Fa-Fa","2000s"
"Sondre Lerche","Two Way Monologue","2000s"
"Wig Wam","In My Dreams","2000s"
"Ida Maria","I Like You So Much Better When You're Naked","2000s"
"Donkeyboy","Ambitions","2000s"
"Donkeyboy","Sometimes","2000s"
"Karpe Diem","Vestkantsvartinga","2000s"
"Thomas Dybdahl","From Grace","2000s"
"Ane Brun","To Let Myself Go","2000s"
"Bertine Zetlitz","Girl Like You","2000s"
"Lene Marlin","How Would It Be","2000s"
"Dimmu Borgir","Progenies of the Great Apocalypse","2000s"
"Satyricon","K.I.N.G.","2000s"
"Enslaved","Isa","2000s"
"Adele","Rolling in the Deep","2010s"
"Adele","Someone Like You","2010s"
"Adele","Set Fire to the Rain","2010s"
"Adele","Rumour Has It","2010s"
"Adele","Hello","2010s"
"Adele","Skyfall","2010s"
"Adele","Send My Love (To Your New Lover)","2010s"
"Ed Sheeran","The A Team","2010s"
"Ed Sheeran","Lego House","2010s"
"Ed Sheeran","Sing","2010s"
"Ed Sheeran","Thinking Out Loud","2010s"
"Ed Sheeran","Photograph","2010s"
"Ed Sheeran","Shape of You","2010s"
"Ed Sheeran","Castle on the Hill","2010s"
"Ed Sheeran","Perfect","2010s"
"Ed Sheeran","Galway Girl","2010s"
"Taylor Swift","Shake It Off","2010s"
"Taylor Swift","Blank Space","2010s"
"Taylor Swift","Bad Blood","2010s"
"Taylor Swift","Style","2010s"
"Taylor Swift","Wildest Dreams","2010s"
"Taylor Swift","We Are Never Ever Getting Back Together","2010s"
"Taylor Swift","I Knew You Were Trouble","2010s"
"Taylor Swift","22","2010s"
"Taylor Swift","Look What You Made Me Do","2010s"
"Taylor Swift","Delicate","2010s"
"Bruno Mars","Just the Way You Are","2010s"
"Bruno Mars","Grenade","2010s"
"Bruno Mars","The Lazy Song","2010s"
"Bruno Mars","Locked Out of Heaven","2010s"
"Bruno Mars","When I Was Your Man","2010s"
"Bruno Mars","Treasure","2010s"
"Bruno Mars","24K Magic","2010s"
"Bruno Mars","That's What I Like","2010s"
"Bruno Mars","Count on Me","2010s"
"Mark Ronson","Uptown Funk","2010s"
"Katy Perry","Firework","2010s"
"Katy Perry","Teenage Dream","2010s"
"Katy Perry","California Gurls","2010s"
"Katy Perry","Last Friday Night (T.G.I.F.)","2010s"
"Katy Perry","E.T.","2010s"
"Katy Perry","Roar","2010s"
"Katy Perry","Dark Horse","2010s"
"Katy Perry","Wide Awake","2010s"
"Rihanna","We Found Love","2010s"
"Rihanna","Only Girl (In the World)","2010s"
"Rihanna","Diamonds","2010s"
"Rihanna","S&M","2010s"
"Rihanna","What's My Name?","2010s"
"Rihanna","Where Have You Been","2010s"
"Rihanna","Stay","2010s"
"Rihanna","Work","2010s"
"Rihanna","Rude Boy","2010s"
"Rihanna","Love on the Brain","2010s"
"Lady Gaga","Born This Way","2010s"
"Lady Gaga","The Edge of Glory","2010s"
"Lady Gaga","Applause","2010s"
"Lady Gaga","Telephone","2010s"
"Lady Gaga","Alejandro","2010s"
"Lady Gaga","Shallow","2010s"
"Beyoncé","Formation","2010s"
"Beyoncé","Drunk in Love","2010s"
"Beyoncé","Run the World (Girls)","2010s"
"Beyoncé","Love on Top","2010s"
"Beyoncé","XO","2010s"
"Justin Bieber","Baby","2010s"
"Justin Bieber","Sorry","2010s"
"Justin Bieber","What Do You Mean?","2010s"
"Justin Bieber","Love Yourself","2010s"
"Justin Bieber","Boyfriend","2010s"
"Justin Bieber","Where Are Ü Now","2010s"
"Justin Bieber","Beauty and a Beat","2010s"
"One Direction","What Makes You Beautiful","2010s"
"One Direction","Story of My Life","2010s"
"One Direction","Live While We're Young","2010s"
"One Direction","Steal My Girl","2010s"
"One Direction","Best Song Ever","2010s"
"One Direction","Drag Me Down","2010s"
"One Direction","Night Changes","2010s"
"Miley Cyrus","Wrecking Ball","2010s"
"Miley Cyrus","We Can't Stop","2010s"
"Miley Cyrus","Malibu","2010s"
"Selena Gomez","Come & Get It","2010s"
"Selena Gomez","Good for You","2010s"
"Selena Gomez","Love You Like a Love Song","2010s"
"Selena Gomez","Hands to Myself","2010s"
"Selena Gomez","Same Old Love","2010s"
"Ariana Grande","Problem","2010s"
"Ariana Grande","Break Free","2010s"
"Ariana Grande","Into You","2010s"
"Ariana Grande","Side to Side","2010s"
"Ariana Grande","No Tears Left to Cry","2010s"
"Ariana Grande","Thank U, Next","2010s"
"Ariana Grande","7 rings","2010s"
"Ariana Grande","Focus","2010s"
"Ariana Grande","One Last Time","2010s"
"Demi Lovato","Heart Attack","2010s"
"Demi Lovato","Sorry Not Sorry","2010s"
"Demi Lovato","Cool for the Summer","2010s"
"Demi Lovato","Skyscraper","2010s"
"Meghan Trainor","All About That Bass","2010s"
"Meghan Trainor","Lips Are Movin","2010s"
"Sia","Chandelier","2010s"
"Sia","Cheap Thrills","2010s"
"Sia","Elastic Heart","2010s"
"Sia","The Greatest","2010s"
"Lorde","Royals","2010s"
"Lorde","Team","2010s"
"Lorde","Green Light","2010s"
"Lana Del Rey","Video Games","2010s"
"Lana Del Rey","Summertime Sadness","2010s"
"Lana Del Rey","Born to Die","2010s"
"Dua Lipa","New Rules","2010s"
"Dua Lipa","IDGAF","2010s"
"Camila Cabello","Havana","2010s"
"Camila Cabello","Never Be the Same","2010s"
"Halsey","Without Me","2010s"
"Halsey","Bad at Love","2010s"
"Shawn Mendes","Stitches","2010s"
"Shawn Mendes","Treat You Better","2010s"
"Shawn Mendes","There's Nothing Holdin' Me Back","2010s"
"Shawn Mendes","Mercy","2010s"
"Shawn Mendes","In My Blood","2010s"
"Charlie Puth","Attention","2010s"
"Charlie Puth","We Don't Talk Anymore","2010s"
"Charlie Puth","One Call Away","2010s"
"Ellie Goulding","Lights","2010s"
"Ellie Goulding","Love Me Like You Do","2010s"
"Ellie Goulding","Burn","2010s"
"Kesha","Tik Tok","2010s"
"Kesha","Your Love Is My Drug","2010s"
"Kesha","Die Young","2010s"
"Kesha","We R Who We R","2010s"
"Kesha","Praying","2010s"
"Jessie J","Price Tag","2010s"
"Jessie J","Domino","2010s"
"Jessie J","Bang Bang","2010s"
"Nicki Minaj","Super Bass","2010s"
"Nicki Minaj","Anaconda","2010s"
"Nicki Minaj","Starships","2010s"
"Iggy Azalea","Fancy","2010s"
"Iggy Azalea","Black Widow","2010s"
"Alessia Cara","Here","2010s"
"Alessia Cara","Scars to Your Beautiful","2010s"
"Tove Lo","Habits (Stay High)","2010s"
"Carly Rae Jepsen","Call Me Maybe","2010s"
"Carly Rae Jepsen","I Really Like You","2010s"
"Sam Smith","Stay with Me","2010s"
"Sam Smith","I'm Not the Only One","2010s"
"Sam Smith","Too Good at Goodbyes","2010s"
"Sam Smith","Money on My Mind","2010s"
"The Weeknd","Blinding Lights","2010s"
"The Weeknd","Can't Feel My Face","2010s"
"The Weeknd","Starboy","2010s"
"The Weeknd","The Hills","2010s"
"The Weeknd","Earned It","2010s"
"The Weeknd","I Feel It Coming","2010s"
"The Weeknd","In the Night","2010s"
"Frank Ocean","Thinkin Bout You","2010s"
"Miguel","Adorn","2010s"
"Bruno Mars","Finesse","2010s"
"John Legend","All of Me","2010s"
"Daft Punk","Get Lucky","2010s"
"Pharrell Williams","Happy","2010s"
"Mark Ronson","Valerie","2010s"
"Calvin Harris","Summer","2010s"
"Calvin Harris","Feel So Close","2010s"
"Calvin Harris","This Is What You Came For","2010s"
"Calvin Harris","How Deep Is Your Love","2010s"
"Calvin Harris","Sweet Nothing","2010s"
"David Guetta","Titanium","2010s"
"David Guetta","Without You","2010s"
"David Guetta","When Love Takes Over","2010s"
"David Guetta","Turn Me On","2010s"
"David Guetta","Hey Mama","2010s"
"Avicii","Wake Me Up","2010s"
"Avicii","Levels","2010s"
"Avicii","Hey Brother","2010s"
"Avicii","Waiting for Love","2010s"
"Avicii","The Nights","2010s"
"Swedish House Mafia","Don't You Worry Child","2010s"
"Swedish House Mafia","Save the World","2010s"
"Skrillex","Bangarang","2010s"
"Zedd","Clarity","2010s"
"Zedd","Stay","2010s"
"The Chainsmokers","Closer","2010s"
"The Chainsmokers","Don't Let Me Down","2010s"
"The Chainsmokers","Something Just Like This","2010s"
"The Chainsmokers","Roses","2010s"
"The Chainsmokers","Paris","2010s"
"Major Lazer","Lean On","2010s"
"Major Lazer","Cold Water","2010s"
"Disclosure","Latch","2010s"
"DJ Snake","Turn Down for What","2010s"
"DJ Snake","Let Me Love You","2010s"
"Clean Bandit","Rather Be","2010s"
"Clean Bandit","Rockabye","2010s"
"Galantis","Runaway (U & I)","2010s"
"Alan Walker","Faded","2010s"
"Kygo","Firestone","2010s"
"Martin Garrix","Animals","2010s"
"Marshmello","Alone","2010s"
"Marshmello","Happier","2010s"
"Robin Schulz","Prayer in C","2010s"
"Drake","One Dance","2010s"
"Drake","Hotline Bling","2010s"
"Drake","God's Plan","2010s"
"Drake","In My Feelings","2010s"
"Drake","Started From the Bottom","2010s"
"Drake","Nice for What","2010s"
"Drake","Passionfruit","2010s"
"Drake","Hold On, We're Going Home","2010s"
"Kendrick Lamar","HUMBLE.","2010s"
"Kendrick Lamar","Swimming Pools (Drank)","2010s"
"Kendrick Lamar","Alright","2010s"
"Kendrick Lamar","DNA.","2010s"
"Kendrick Lamar","King Kunta","2010s"
"Kendrick Lamar","Money Trees","2010s"
"Kanye West","Runaway","2010s"
"Kanye West","POWER","2010s"
"Kanye West","All of the Lights","2010s"
"Kanye West","N***as in Paris","2010s"
"Kanye West","Black Skinhead","2010s"
"Kanye West","Bound 2","2010s"
"J. Cole","No Role Modelz","2010s"
"J. Cole","Middle Child","2010s"
"J. Cole","Work Out","2010s"
"Macklemore & Ryan Lewis","Thrift Shop","2010s"
"Macklemore & Ryan Lewis","Can't Hold Us","2010s"
"Macklemore & Ryan Lewis","Same Love","2010s"
"Wiz Khalifa","Black and Yellow","2010s"
"Wiz Khalifa","See You Again","2010s"
"Wiz Khalifa","Young, Wild & Free","2010s"
"Cardi B","Bodak Yellow","2010s"
"Cardi B","I Like It","2010s"
"Post Malone","rockstar","2010s"
"Post Malone","Congratulations","2010s"
"Post Malone","Sunflower","2010s"
"Post Malone","Circles","2010s"
"Post Malone","White Iverson","2010s"
"Post Malone","Better Now","2010s"
"Post Malone","Psycho","2010s"
"Travis Scott","SICKO MODE","2010s"
"Travis Scott","goosebumps","2010s"
"Future","Mask Off","2010s"
"Migos","Bad and Boujee","2010s"
"Migos","MotorSport","2010s"
"Lil Uzi Vert","XO Tour Llif3","2010s"
"21 Savage","Bank Account","2010s"
"Desiigner","Panda","2010s"
"Fetty Wap","Trap Queen","2010s"
"Fetty Wap","679","2010s"
"Rae Sremmurd","Black Beatles","2010s"
"Big Sean","Bounce Back","2010s"
"French Montana","Unforgettable","2010s"
"DJ Khaled","I'm the One","2010s"
"Childish Gambino","This Is America","2010s"
"Childish Gambino","Redbone","2010s"
"Lil Nas X","Old Town Road","2010s"
"XXXTENTACION","SAD!","2010s"
"Juice WRLD","Lucid Dreams","2010s"
"Flo Rida","Good Feeling","2010s"
"Flo Rida","Whistle","2010s"
"Flo Rida","Wild Ones","2010s"
"Flo Rida","Club Can't Handle Me","2010s"
"Pitbull","Give Me Everything","2010s"
"Pitbull","Timber","2010s"
"Pitbull","Fireball","2010s"
"Pitbull","International Love","2010s"
"Imagine Dragons","Radioactive","2010s"
"Imagine Dragons","Demons","2010s"
"Imagine Dragons","Believer","2010s"
"Imagine Dragons","Thunder","2010s"
"Imagine Dragons","It's Time","2010s"
"Imagine Dragons","On Top of the World","2010s"
"Imagine Dragons","Whatever It Takes","2010s"
"OneRepublic","Counting Stars","2010s"
"OneRepublic","Good Life","2010s"
"OneRepublic","Secrets","2010s"
"OneRepublic","Love Runs Out","2010s"
"fun.","We Are Young","2010s"
"fun.","Some Nights","2010s"
"fun.","Carry On","2010s"
"Mumford & Sons","Little Lion Man","2010s"
"Mumford & Sons","I Will Wait","2010s"
"Mumford & Sons","The Cave","2010s"
"The Lumineers","Ho Hey","2010s"
"The Lumineers","Ophelia","2010s"
"The Lumineers","Stubborn Love","2010s"
"Of Monsters and Men","Little Talks","2010s"
"Hozier","Take Me to Church","2010s"
"Hozier","Cherry Wine","2010s"
"Vance Joy","Riptide","2010s"
"George Ezra","Budapest","2010s"
"George Ezra","Shotgun","2010s"
"Passenger","Let Her Go","2010s"
"Twenty One Pilots","Stressed Out","2010s"
"Twenty One Pilots","Ride","2010s"
"Twenty One Pilots","Heathens","2010s"
"Twenty One Pilots","Tear in My Heart","2010s"
"Arctic Monkeys","Do I Wanna Know?","2010s"
"Arctic Monkeys","R U Mine?","2010s"
"Foster the People","Pumped Up Kicks","2010s"
"Gotye","Somebody That I Used to Know","2010s"
"Walk the Moon","Shut Up and Dance","2010s"
"AWOLNATION","Sail","2010s"
"Bastille","Pompeii","2010s"
"alt-J","Breezeblocks","2010s"
"Cage the Elephant","Ain't No Rest for the Wicked","2010s"
"Cage the Elephant","Come a Little Closer","2010s"
"The Black Keys","Lonely Boy","2010s"
"The Black Keys","Tighten Up","2010s"
"The Black Keys","Gold on the Ceiling","2010s"
"Portugal. The Man","Feel It Still","2010s"
"X Ambassadors","Renegades","2010s"
"American Authors","Best Day of My Life","2010s"
"Grouplove","Tongue Tied","2010s"
"Capital Cities","Safe and Sound","2010s"
"Fitz and the Tantrums","HandClap","2010s"
"Coldplay","Paradise","2010s"
"Coldplay","A Sky Full of Stars","2010s"
"Coldplay","Adventure of a Lifetime","2010s"
"Coldplay","Hymn for the Weekend","2010s"
"Coldplay","Magic","2010s"
"Maroon 5","Moves Like Jagger","2010s"
"Maroon 5","Payphone","2010s"
"Maroon 5","One More Night","2010s"
"Maroon 5","Sugar","2010s"
"Maroon 5","Girls Like You","2010s"
"Maroon 5","Animals","2010s"
"Maroon 5","Memories","2010s"
"Maroon 5","Maps","2010s"
"The Script","Hall of Fame","2010s"
"The Script","Breakeven","2010s"
"The Script","The Man Who Can't Be Moved","2010s"
"Panic! at the Disco","High Hopes","2010s"
"Fall Out Boy","Centuries","2010s"
"Fall Out Boy","My Songs Know What You Did in the Dark (Light Em Up)","2010s"
"Fall Out Boy","Uma Thurman","2010s"
"Paramore","Still Into You","2010s"
"Paramore","Ain't It Fun","2010s"
"Paramore","Hard Times","2010s"
"Linkin Park","Burn It Down","2010s"
"Luis Fonsi","Despacito","2010s"
"Enrique Iglesias","Bailando","2010s"
"Enrique Iglesias","I Like It","2010s"
"Shakira","Waka Waka (This Time for Africa)","2010s"
"Shakira","Chantaje","2010s"
"J Balvin","Mi Gente","2010s"
"PSY","Gangnam Style","2010s"
"Baauer","Harlem Shake","2010s"
"OMI","Cheerleader","2010s"
"DNCE","Cake by the Ocean","2010s"
"MAGIC!","Rude","2010s"
"Tones and I","Dance Monkey","2010s"
"Florida Georgia Line","Cruise","2010s"
"Sam Hunt","Body Like a Back Road","2010s"
"Lady A","Need You Now","2010s"
"Jonas Blue","Fast Car","2010s"
"Kygo","Stole the Show","2010s"
"Kygo","It Ain't Me","2010s"
"Kygo","Happy Now","2010s"
"Kygo","Higher Love","2010s"
"Kygo","Carry Me","2010s"
"Alan Walker","Alone","2010s"
"Alan Walker","Sing Me to Sleep","2010s"
"Alan Walker","Darkside","2010s"
"Alan Walker","On My Way","2010s"
"Alan Walker","Diamond Heart","2010s"
"Nico & Vinz","Am I Wrong","2010s"
"Nico & Vinz","That's How You Know","2010s"
"Sigrid","Don't Kill My Vibe","2010s"
"Sigrid","Strangers","2010s"
"Sigrid","High Five","2010s"
"Sigrid","Sucker Punch","2010s"
"Aurora","Runaway","2010s"
"Aurora","Running with the Wolves","2010s"
"Aurora","Queendom","2010s"
"Astrid S","Hurts So Good","2010s"
"Astrid S","Think Before I Talk","2010s"
"Astrid S","Breathe","2010s"
"Highasakite","Since Last Wednesday","2010s"
"Highasakite","Lover, Where Do You Live?","2010s"
"Cashmere Cat","Mirror Maru","2010s"
"Matoma","Old Thing Back","2010s"
"Matoma","False Alarm","2010s"
"Seeb","Breathe","2010s"
"Anna of the North","Lovers","2010s"
"Boy Pablo","Everytime","2010s"
"Dagny","Backbeat","2010s"
"Dagny","Wearing Nothing","2010s"
"Susanne Sundfør","White Foxes","2010s"
"Karpe","Hvite menn som pusher 50","2010s"
"OnklP & De Fjerne Slektningene","Styggen på ryggen","2010s"
"Cezinando","Håper du har plass","2010s"
"Gabrielle","Ring meg","2010s"
"Sondre Justad","Riv i hjertet","2010s"
"Emilie Nicolas","Pstereo","2010s"
"Margaret Berger","I Feed You My Love","2010s"
"CLMD","The Stockholm Syndrome","2010s"
"Lemaitre","Closer","2010s"
"Broiler","Dancing Shoes","2010s"
"Kvelertak","Bruane Brenn","2010s"
"Leprous","The Price","2010s"
"The Weeknd","Save Your Tears","2020s"
"The Weeknd","Heartless","2020s"
"The Weeknd","Take My Breath","2020s"
"Dua Lipa","Don't Start Now","2020s"
"Dua Lipa","Levitating","2020s"
"Dua Lipa","Physical","2020s"
"Dua Lipa","Break My Heart","2020s"
"Dua Lipa","Houdini","2020s"
"Olivia Rodrigo","drivers license","2020s"
"Olivia Rodrigo","good 4 u","2020s"
"Olivia Rodrigo","deja vu","2020s"
"Olivia Rodrigo","vampire","2020s"
"Olivia Rodrigo","brutal","2020s"
"Olivia Rodrigo","traitor","2020s"
"Harry Styles","Watermelon Sugar","2020s"
"Harry Styles","As It Was","2020s"
"Harry Styles","Adore You","2020s"
"Harry Styles","Golden","2020s"
"Harry Styles","Late Night Talking","2020s"
"Billie Eilish","everything i wanted","2020s"
"Billie Eilish","Happier Than Ever","2020s"
"Billie Eilish","Therefore I Am","2020s"
"Billie Eilish","No Time to Die","2020s"
"Billie Eilish","What Was I Made For?","2020s"
"Billie Eilish","bad guy","2020s"
"Billie Eilish","lovely","2020s"
"Taylor Swift","cardigan","2020s"
"Taylor Swift","willow","2020s"
"Taylor Swift","Anti-Hero","2020s"
"Taylor Swift","Cruel Summer","2020s"
"Taylor Swift","Lavender Haze","2020s"
"Taylor Swift","exile","2020s"
"Taylor Swift","august","2020s"
"Taylor Swift","Bejeweled","2020s"
"Taylor Swift","Karma","2020s"
"Ariana Grande","positions","2020s"
"Ariana Grande","34+35","2020s"
"Ariana Grande","rain on me","2020s"
"Ariana Grande","pov","2020s"
"Doja Cat","Say So","2020s"
"Doja Cat","Kiss Me More","2020s"
"Doja Cat","Woman","2020s"
"Doja Cat","Streets","2020s"
"Doja Cat","Paint The Town Red","2020s"
"Doja Cat","Need to Know","2020s"
"Miley Cyrus","Flowers","2020s"
"Miley Cyrus","Midnight Sky","2020s"
"Adele","Easy On Me","2020s"
"Adele","Oh My God","2020s"
"Ed Sheeran","Bad Habits","2020s"
"Ed Sheeran","Shivers","2020s"
"Justin Bieber","Peaches","2020s"
"Justin Bieber","Ghost","2020s"
"Justin Bieber","Holy","2020s"
"The Kid LAROI","Stay","2020s"
"Lewis Capaldi","Someone You Loved","2020s"
"Lewis Capaldi","Before You Go","2020s"
"Tate McRae","greedy","2020s"
"Tate McRae","you broke me first","2020s"
"Sam Smith","Unholy","2020s"
"Lizzo","About Damn Time","2020s"
"Lizzo","Good as Hell","2020s"
"Lizzo","Truth Hurts","2020s"
"SZA","Kill Bill","2020s"
"SZA","Good Days","2020s"
"SZA","Snooze","2020s"
"Steve Lacy","Bad Habit","2020s"
"Glass Animals","Heat Waves","2020s"
"Måneskin","Beggin'","2020s"
"Imagine Dragons","Enemy","2020s"
"Imagine Dragons","Bones","2020s"
"Elton John","Cold Heart - PNAU Remix","2020s"
"Fifty Fifty","Cupid","2020s"
"PinkPantheress","Boy's a liar Pt. 2","2020s"
"Libianca","People","2020s"
"Em Beihold","Numb Little Bug","2020s"
"Lil Nas X","MONTERO (Call Me By Your Name)","2020s"
"Lil Nas X","INDUSTRY BABY","2020s"
"Jack Harlow","First Class","2020s"
"Jack Harlow","Whats Poppin","2020s"
"Drake","Toosie Slide","2020s"
"Drake","Laugh Now Cry Later","2020s"
"Drake","Jimmy Cooks","2020s"
"Drake","Rich Flex","2020s"
"Future","WAIT FOR U","2020s"
"Kendrick Lamar","N95","2020s"
"Megan Thee Stallion","Savage","2020s"
"Megan Thee Stallion","Body","2020s"
"Cardi B","WAP","2020s"
"Cardi B","Up","2020s"
"Beyoncé","BREAK MY SOUL","2020s"
"Beyoncé","CUFF IT","2020s"
"Latto","Big Energy","2020s"
"Nicki Minaj","Super Freaky Girl","2020s"
"24kGoldn","Mood","2020s"
"Internet Money","Lemonade","2020s"
"Powfu","death bed (coffee for your head)","2020s"
"SAINt JHN","Roses","2020s"
"Jawsh 685","Savage Love (Laxed - Siren Beat)","2020s"
"Giveon","Heartbreak Anniversary","2020s"
"Ice Spice","Munch (Feelin' U)","2020s"
"Yung Gravy","Betty (Get Money)","2020s"
"Masked Wolf","Astronaut In The Ocean","2020s"
"CKay","love nwantiti (ah ah ah)","2020s"
"GAYLE","abcdefu","2020s"
"Bad Bunny","Tití Me Preguntó","2020s"
"Bad Bunny","Me Porto Bonito","2020s"
"Bad Bunny","Dakiti","2020s"
"Bad Bunny","Yonaguni","2020s"
"Karol G","Bichota","2020s"
"Karol G","Tusa","2020s"
"Rosalía","Despechá","2020s"
"Bizarrap","Shakira: Bzrp Music Sessions, Vol. 53","2020s"
"BTS","Dynamite","2020s"
"BTS","Butter","2020s"
"BTS","Permission to Dance","2020s"
"BLACKPINK","How You Like That","2020s"
"BLACKPINK","Pink Venom","2020s"
"BLACKPINK","Kill This Love","2020s"
"girl in red","we fell in love in october","2020s"
"girl in red","Serotonin","2020s"
"girl in red","i wanna be your girlfriend","2020s"
"Aurora","Cure for Me","2020s"
"Aurora","The Seed","2020s"
"Sigrid","Mirror","2020s"
"Sigrid","It Gets Dark","2020s"
"Kygo","Lose Somebody","2020s"
"KEiiNO","Spirit in the Sky","2020s"
"TIX","Fallen Angel","2020s"
"Subwoolfer","Give That Wolf a Banana","2020s"
"Gåte","Ulveham","2020s"
"Marcus & Martinus","Unforgettable","2020s"
"Sondre Justad","Tilgivelse","2020s"
"Alan Walker","Fake a Smile","2020s"
"Hkeem","Fy Faen","2020s"
"Emma Steinbakken","Not Gonna Cry","2020s"
"Dagny","Somebody","2020s"
"Boy Pablo","Hey Girl","2020s"
"girl in red","bad idea!","2020s"
